etiqueta,experiencia_slug,tipo_regla,precio_cop,min_pax,max_pax,origen,orden,activa,supabase_id
,nevado-del-cocuy-salida-jueves,per_origin_accommodation,0,,,Bogotá,0,Sí,2cf0d6fc-d21b-4882-8d96-0cd313b010cc
,nevado-del-cocuy-salida-jueves,per_origin_accommodation,0,,,Bogotá,0,Sí,a6e75355-d8dc-419c-8d42-1eeadefbea59
,nevado-del-cocuy-salida-jueves,per_origin_accommodation,0,,,Bogotá,0,Sí,b116b4a0-5e77-47ff-a687-fa5b0f1d658c
,nevado-del-cocuy-salida-jueves,per_origin_accommodation,0,,,Bogotá,0,Sí,28132bca-cc9c-48ac-84f4-99ab39220a8d
,nevado-del-cocuy-salida-jueves,per_origin_accommodation,0,,,Bogotá,0,Sí,bf2e2880-a70f-4355-aa27-ae08773eec42
,nevado-del-cocuy-salida-jueves,per_origin_accommodation,0,,,Bogotá,0,Sí,bf1a0d28-3b65-472a-8d36-c18ff5c249e1
Individual,nevado-del-cocuy-salida-jueves,per_origin_accommodation,852000,,,Bogotá,2,Sí,7b92b8e8-aefe-4c96-888c-994529d5a64a
Individual,nevado-del-cocuy-salida-jueves,per_origin_accommodation,852000,,,Bogotá,2,Sí,a7087e2f-698c-4404-8b7c-4f0cb212bcdf
,nevado-del-cocuy-salida-jueves,per_origin_accommodation,0,,,Bogotá,0,Sí,916cc632-e1b9-479b-8914-4fd701af4406
Individual,nevado-del-cocuy-salida-jueves,per_origin_accommodation,852000,,,Bogotá,2,Sí,95079a0f-6235-4ec4-ab20-6e598d7ce6be
Individual,nevado-del-cocuy-salida-jueves,per_origin_accommodation,852000,,,Bogotá,2,Sí,8bc9f221-fff5-4eea-a1b8-b5eade831129
Individual,nevado-del-cocuy-salida-jueves,per_origin_accommodation,852000,,,Bogotá,2,Sí,61aab21e-6f12-4c58-8b4c-ec1043b2ccda
Individual,nevado-del-cocuy-salida-jueves,per_origin_accommodation,852000,,,Bogotá,2,Sí,d2ce8158-725c-4b8d-8ce5-4db63eed6b1e
Individual,nevado-del-cocuy-salida-jueves,per_origin_accommodation,852000,,,Bogotá,2,Sí,99d3235c-1db2-4642-b1ea-529bf44ede69
Individual,nevado-del-cocuy-salida-jueves,per_origin_accommodation,852000,,,Bogotá,2,Sí,f1a0940a-f37b-43c2-87b8-20c724c7e9a5
Individual,nevado-del-cocuy-salida-jueves,per_origin_accommodation,852000,,,Bogotá,2,Sí,7c484754-f058-4a98-b265-e7a473da9838
Individual,nevado-del-cocuy-salida-jueves,per_origin_accommodation,852000,,,Bogotá,2,Sí,3319290b-e38b-4f0d-b4b2-21838c827970
Individual,nevado-del-cocuy-salida-jueves,per_origin_accommodation,852000,,,Bogotá,2,Sí,35872a9a-b8f5-41aa-9213-e8aad79c5c1a
Individual,nevado-del-cocuy-salida-jueves,per_origin_accommodation,852000,,,Bogotá,2,Sí,481e1486-4d4f-4e2a-aae8-7464e345c3e1
Individual,nevado-del-cocuy-salida-jueves,per_origin_accommodation,852000,,,Bogotá,2,Sí,3339d08a-5dcd-43f5-944b-22f0af5632bb
Individual,nevado-del-cocuy-salida-jueves,per_origin_accommodation,852000,,,Bogotá,2,Sí,67fe4a75-ca8d-405f-be92-86f81c0c80a5
Individual,nevado-del-cocuy-salida-jueves,per_origin_accommodation,852000,,,Bogotá,2,Sí,aff03b12-bd14-428d-9eb6-737f313e0a40
Individual,nevado-del-cocuy-salida-jueves,per_origin_accommodation,852000,,,Bogotá,2,Sí,d6ec71d6-7588-4635-98ee-223f383611a2
Individual,nevado-del-cocuy-salida-jueves,per_origin_accommodation,852000,,,Bogotá,2,Sí,8598b5ce-97ff-4edf-adc6-4d37aa622dc7
Individual,nevado-del-cocuy-salida-jueves,per_origin_accommodation,852000,,,Bogotá,2,Sí,beb206f6-79e4-4e61-996e-07b721ebfd8c
Individual,nevado-del-cocuy-salida-jueves,per_origin_accommodation,852000,,,Bogotá,2,Sí,5dcd601b-b859-49ac-b578-25c0ecd4a69d
Individual,nevado-del-cocuy-salida-jueves,per_origin_accommodation,852000,,,Bogotá,2,Sí,9a862979-f069-4710-a1b9-bd64e17a66e9
Individual,nevado-del-cocuy-salida-jueves,per_origin_accommodation,852000,,,Bogotá,2,Sí,b87fdf0a-70d0-48c4-982f-b1c14f699949
Individual,nevado-del-cocuy-salida-jueves,per_origin_accommodation,852000,,,Bogotá,2,Sí,72e964ed-1a4e-406b-8525-7532f1a7d183
Individual,nevado-del-cocuy-salida-jueves,per_origin_accommodation,852000,,,Bogotá,2,Sí,6adc5035-3095-4576-8d52-c5972400146b
Individual,nevado-del-cocuy-salida-jueves,per_origin_accommodation,852000,,,Bogotá,2,Sí,03b6ae14-ee87-4326-a342-ac680cdb63ec
Individual,nevado-del-cocuy-salida-jueves,per_origin_accommodation,852000,,,Bogotá,2,Sí,3a418588-5f89-438b-a760-7f265f7577e4
Individual,nevado-del-cocuy-salida-jueves,per_origin_accommodation,852000,,,Bogotá,2,Sí,7a408ebc-c033-4ff4-bd4d-0ea063dd2c02
Individual,nevado-del-cocuy-salida-jueves,per_origin_accommodation,852000,,,Bogotá,2,Sí,7c37c1e1-44f3-47e9-983f-9da139a2d9db
Individual,nevado-del-cocuy-salida-jueves,per_origin_accommodation,852000,,,Bogotá,2,Sí,17e0a394-aafe-4060-ad45-2cfa6856cd50
Individual,nevado-del-cocuy-salida-jueves,per_origin_accommodation,852000,,,Bogotá,2,Sí,2cdc6156-2756-4ec3-be74-2a2ca477c61b
Doble,nevado-del-cocuy-salida-jueves,per_origin_accommodation,738000,,,Bogotá,4,Sí,c1caf41e-dac7-4de3-aa4e-ef5d296503ce
Doble,nevado-del-cocuy-salida-jueves,per_origin_accommodation,738000,,,Bogotá,4,Sí,7731476c-0239-4b2b-abc8-e6b81548ef21
Doble,nevado-del-cocuy-salida-jueves,per_origin_accommodation,738000,,,Bogotá,4,Sí,bcde47c8-a292-4696-aeb2-195e875acdf7
Doble,nevado-del-cocuy-salida-jueves,per_origin_accommodation,738000,,,Bogotá,4,Sí,42e693b1-d7a8-4413-89d6-9b79de265926
Doble,nevado-del-cocuy-salida-jueves,per_origin_accommodation,738000,,,Bogotá,4,Sí,427a91d6-82db-47c7-8d97-ef0b3cb93be5
Doble,nevado-del-cocuy-salida-jueves,per_origin_accommodation,738000,,,Bogotá,4,Sí,5d50919b-8ceb-46a6-ba7d-4da1862c0194
Doble,nevado-del-cocuy-salida-jueves,per_origin_accommodation,738000,,,Bogotá,4,Sí,6f6752a8-c164-4361-8c2f-d54b51c49762
Doble,nevado-del-cocuy-salida-jueves,per_origin_accommodation,738000,,,Bogotá,4,Sí,98b3418c-ea55-4090-87a1-bf2c5dfeebb0
Doble,nevado-del-cocuy-salida-jueves,per_origin_accommodation,738000,,,Bogotá,4,Sí,ad88a8e0-098f-40b6-b0fb-254fd81a2647
Doble,nevado-del-cocuy-salida-jueves,per_origin_accommodation,738000,,,Bogotá,4,Sí,d7c44065-5ecc-4034-8b4e-4d8af149e2d0
Doble,nevado-del-cocuy-salida-jueves,per_origin_accommodation,738000,,,Bogotá,4,Sí,fddde24a-d31a-4313-8277-0d38e729fc95
Doble,nevado-del-cocuy-salida-jueves,per_origin_accommodation,738000,,,Bogotá,4,Sí,14dfa0dd-f91e-4f31-a3fb-7aa7b2deda27
Doble,nevado-del-cocuy-salida-jueves,per_origin_accommodation,738000,,,Bogotá,4,Sí,58b1436b-f401-4647-a30c-cdb87fa824bb
Doble,nevado-del-cocuy-salida-jueves,per_origin_accommodation,738000,,,Bogotá,4,Sí,5f885bd1-bb38-45a2-acba-8d409770d534
Doble,nevado-del-cocuy-salida-jueves,per_origin_accommodation,738000,,,Bogotá,4,Sí,8cda145a-66a1-4f46-b751-0efa85bcd6a8
1 persona,guajira-3-dias-2-noches,per_person,4623000,1,1,,0,Sí,ff45d437-41b7-4b71-9788-9dc8d7432ebc
2 personas,guajira-3-dias-2-noches,per_person,2928000,2,2,,1,Sí,58ad76bc-436e-4f31-a928-7874fbb08dde
3 personas,guajira-3-dias-2-noches,per_person,2363000,3,3,,2,Sí,1eba7337-6d82-4067-a1aa-d27bda37d142
De 4 a 15 personas,guajira-3-dias-2-noches,per_person,2080053,4,1,,3,Sí,1f2fd83e-49fe-44b4-9862-8a5cc26f32e9
,nevado-del-cocuy-salida-jueves,per_origin_accommodation,0,,,Bogotá,0,Sí,5499ea3d-2824-40da-978c-683cce85e3ad
,nevado-del-cocuy-salida-jueves,per_origin_accommodation,0,,,Bogotá,0,Sí,843dd17b-d3b8-4b13-bd0d-da0c8c5b52af
,nevado-del-cocuy-salida-jueves,per_origin_accommodation,0,,,Bogotá,0,Sí,4637ab97-30c7-4057-be43-dab47eeecf00
,nevado-del-cocuy-salida-jueves,per_origin_accommodation,0,,,Bogotá,0,Sí,cc1e8353-9d98-459c-914e-27951179d48b
,nevado-del-cocuy-salida-jueves,per_origin_accommodation,0,,,Bogotá,0,Sí,2a7e394e-4fc1-4c67-bf09-0c6e92c46228
,nevado-del-cocuy-salida-jueves,per_origin_accommodation,0,,,Bogotá,0,Sí,dbf5988e-ac43-48d4-b50e-c5aefb15f57e
,nevado-del-cocuy-salida-jueves,per_origin_accommodation,0,,,Bogotá,0,Sí,a8d3d20c-0a6f-4d43-9eb1-b67de90028ca
,nevado-del-cocuy-salida-jueves,per_origin_accommodation,0,,,Bogotá,0,Sí,10551971-fb08-47d5-9e7f-131ac05a2384
Individual,nevado-del-cocuy-salida-jueves,per_origin_accommodation,852000,,,Bogotá,2,Sí,2349c9e5-ea65-4d48-8702-d33e45589778
,nevado-del-cocuy-salida-jueves,per_origin_accommodation,0,,,Bogotá,0,Sí,a2c355f3-826b-4aec-87e5-7962cc6bfde7
,nevado-del-cocuy-salida-jueves,per_origin_accommodation,0,,,Bogotá,0,Sí,f51559b8-f34a-4a4f-9c2d-9665ffcb0363
Individual,nevado-del-cocuy-salida-jueves,per_origin_accommodation,852000,,,Bogotá,2,Sí,deb6cd21-8ca9-4c5a-91b9-fe7764efbc0c
Individual,nevado-del-cocuy-salida-jueves,per_origin_accommodation,852000,,,Bogotá,2,Sí,1536a696-2bd4-4ad2-8d1d-fa8e7a27a00c
Individual,nevado-del-cocuy-salida-jueves,per_origin_accommodation,852000,,,Bogotá,2,Sí,46f49e39-f3b1-4a94-8f18-08011fbf7783
Individual,nevado-del-cocuy-salida-jueves,per_origin_accommodation,852000,,,Bogotá,2,Sí,da0ba4e6-d48d-4d5e-8846-54c0ad2c53dc
Individual,nevado-del-cocuy-salida-jueves,per_origin_accommodation,852000,,,Bogotá,2,Sí,125d8bc5-a269-402e-991f-ea804e59694a
Individual,nevado-del-cocuy-salida-jueves,per_origin_accommodation,852000,,,Bogotá,2,Sí,ff6df3f2-0c3e-4372-b93e-61adea53d298
Individual,nevado-del-cocuy-salida-jueves,per_origin_accommodation,852000,,,Bogotá,2,Sí,71babb73-b1cc-4889-a405-a6c5f6831e3d
Individual,nevado-del-cocuy-salida-jueves,per_origin_accommodation,852000,,,Bogotá,2,Sí,863cb5da-8025-4221-8906-5f2a4375bed6
Individual,nevado-del-cocuy-salida-jueves,per_origin_accommodation,852000,,,Bogotá,2,Sí,32942c3a-2fcd-4afb-a758-3f0af7bb3a67
Individual,nevado-del-cocuy-salida-jueves,per_origin_accommodation,852000,,,Bogotá,2,Sí,9121187c-7c3f-413e-a724-2027455dbdc6
Individual,nevado-del-cocuy-salida-jueves,per_origin_accommodation,852000,,,Bogotá,2,Sí,3c959bf1-22c5-4c02-a7ec-717aca0f62ad
Individual,nevado-del-cocuy-salida-jueves,per_origin_accommodation,852000,,,Bogotá,2,Sí,500909ff-f442-4b98-83dd-5b1143db8eea
Individual,nevado-del-cocuy-salida-jueves,per_origin_accommodation,852000,,,Bogotá,2,Sí,99e446b5-8ea7-4056-8f63-0558c26158d4
Individual,nevado-del-cocuy-salida-jueves,per_origin_accommodation,852000,,,Bogotá,2,Sí,00578b84-b491-4563-b729-6b29adc48274
Individual,nevado-del-cocuy-salida-jueves,per_origin_accommodation,852000,,,Bogotá,2,Sí,12d8a51c-ad91-4a16-84e1-9d52d55eb61d
Individual,nevado-del-cocuy-salida-jueves,per_origin_accommodation,852000,,,Bogotá,2,Sí,5d36abe1-e9a3-4396-815c-0ceeeebed749
Individual,nevado-del-cocuy-salida-jueves,per_origin_accommodation,852000,,,Bogotá,2,Sí,8f56150d-9d49-4de5-930f-3b8e6065987f
Individual,nevado-del-cocuy-salida-jueves,per_origin_accommodation,852000,,,Bogotá,2,Sí,3175f976-70a4-44dd-b109-5c54bf67c1ac
Individual,nevado-del-cocuy-salida-jueves,per_origin_accommodation,852000,,,Bogotá,2,Sí,8c28a5df-7a6c-44c1-8dca-3556113a3514
Individual,nevado-del-cocuy-salida-jueves,per_origin_accommodation,852000,,,Bogotá,2,Sí,2cf572f3-9f80-497a-a915-eead6398b379
Individual,nevado-del-cocuy-salida-jueves,per_origin_accommodation,852000,,,Bogotá,2,Sí,9d2f2ebd-37be-46da-97a7-1ff52375b00e
Individual,nevado-del-cocuy-salida-jueves,per_origin_accommodation,852000,,,Bogotá,2,Sí,bd3283db-f3ca-4e00-8995-64a9dc1ddf17
Individual,nevado-del-cocuy-salida-jueves,per_origin_accommodation,852000,,,Bogotá,2,Sí,9dd82ba0-7b68-4d24-8a72-ab75a6040649
Individual,nevado-del-cocuy-salida-jueves,per_origin_accommodation,852000,,,Bogotá,2,Sí,396360ac-65ec-48db-804f-cbf0897effc3
Doble,nevado-del-cocuy-salida-jueves,per_origin_accommodation,738000,,,Bogotá,4,Sí,e8c756cc-abdd-4f90-9f28-a10ba1ee4049
Doble,nevado-del-cocuy-salida-jueves,per_origin_accommodation,740000,,,Bogotá,4,Sí,7433949b-03bf-4912-9aed-63fd6f60d720
Doble,nevado-del-cocuy-salida-jueves,per_origin_accommodation,738000,,,Bogotá,4,Sí,5b41f64d-480a-4955-9381-fa6082bdea55
Doble,nevado-del-cocuy-salida-jueves,per_origin_accommodation,738000,,,Bogotá,4,Sí,56cced8f-4243-4fbc-875a-80cb7d7c7eff
Doble,nevado-del-cocuy-salida-jueves,per_origin_accommodation,738000,,,Bogotá,4,Sí,f0b98105-e186-4864-b5f3-229aae02c72f
Doble,nevado-del-cocuy-salida-jueves,per_origin_accommodation,738000,,,Bogotá,4,Sí,48bda336-e2bc-4e98-a876-8588e020cf24
Doble,nevado-del-cocuy-salida-jueves,per_origin_accommodation,738000,,,Bogotá,4,Sí,f0a4a0dd-4952-4fbe-89dc-f1e4e52a6ba7
Doble,nevado-del-cocuy-salida-jueves,per_origin_accommodation,738000,,,Bogotá,4,Sí,8daff7a4-0d9a-4563-b3b0-b03a196684fb
Doble,nevado-del-cocuy-salida-jueves,per_origin_accommodation,738000,,,Bogotá,4,Sí,7369346f-077c-462f-b327-5bc04707ec53
Doble,nevado-del-cocuy-salida-jueves,per_origin_accommodation,738000,,,Bogotá,4,Sí,035b7962-4a32-4460-a5c0-7d5cacdd1e39
Doble,nevado-del-cocuy-salida-jueves,per_origin_accommodation,738000,,,Bogotá,4,Sí,6e1af9cd-89b1-481d-b802-0ec9161171d8
Doble,nevado-del-cocuy-salida-jueves,per_origin_accommodation,738000,,,Bogotá,4,Sí,fd32126d-3ff4-4199-8a7a-e03222854e43
Doble,nevado-del-cocuy-salida-jueves,per_origin_accommodation,738000,,,Bogotá,4,Sí,20158653-817c-4c15-8b32-5ddacccbcd9a
Doble,nevado-del-cocuy-salida-jueves,per_origin_accommodation,738000,,,Bogotá,4,Sí,2e2a64c9-5374-4f9f-a3bf-f8cb231cfc6e
Doble,nevado-del-cocuy-salida-jueves,per_origin_accommodation,738000,,,Bogotá,4,Sí,e8ca5759-2053-4bc6-8e63-038a17fc39a4
1 Persona,monserrate-camino-antiguo,per_person,130000,1,1,,0,Sí,60c665e8-eb16-4839-abd4-2232e581d5fb
2 o más,monserrate-camino-antiguo,per_person,100000,2,30,,1,Sí,d3f6b63f-1852-4a46-bff5-24d78655fa8a
,nevado-del-cocuy-salida-jueves,per_origin_accommodation,0,,,Bogotá,0,Sí,853d3cd3-b387-499f-9952-238a1403086d
,nevado-del-cocuy-salida-jueves,per_origin_accommodation,0,,,Bogotá,0,Sí,58ec832d-61e6-4e97-9e33-e3297a8bfe87
,nevado-del-cocuy-salida-jueves,per_origin_accommodation,0,,,Bogotá,0,Sí,a76c2144-e783-4b98-aadb-bc149bfb83f8
,nevado-del-cocuy-salida-jueves,per_origin_accommodation,0,,,Bogotá,0,Sí,d9f5b2d3-c588-4852-8801-115549fe8d99
,nevado-del-cocuy-salida-jueves,per_origin_accommodation,0,,,Bogotá,0,Sí,42f5fc8d-efd8-43f6-82d6-df811a6438c0
,nevado-del-cocuy-salida-jueves,per_origin_accommodation,0,,,Bogotá,0,Sí,f6e2c6bd-1df0-484e-9c47-484eca47f5bd
,nevado-del-cocuy-salida-jueves,per_origin_accommodation,0,,,Bogotá,0,Sí,38cd4c2d-0500-4fe6-ae72-b3444c4f990b
Individual,nevado-del-cocuy-salida-jueves,per_origin_accommodation,852000,,,Bogotá,2,Sí,67348300-3012-4cc5-a57a-0ea8eb538a95
Individual,nevado-del-cocuy-salida-jueves,per_origin_accommodation,852000,,,Bogotá,2,Sí,f2866f85-f235-48f4-8635-69760165d11b
Individual,nevado-del-cocuy-salida-jueves,per_origin_accommodation,852000,,,Bogotá,2,Sí,52517895-620d-4ed0-be10-204f6e3ddc8b
Individual,nevado-del-cocuy-salida-jueves,per_origin_accommodation,852000,,,Bogotá,2,Sí,e22ae351-74ed-4def-9570-b2b2f549c09b
Individual,nevado-del-cocuy-salida-jueves,per_origin_accommodation,852000,,,Bogotá,2,Sí,c847fe50-98e6-4976-848a-3a45f81b1dbc
Individual,nevado-del-cocuy-salida-jueves,per_origin_accommodation,852000,,,Bogotá,2,Sí,1eaccacd-9dde-4ee7-adb9-a0c67987f7c8
Individual,nevado-del-cocuy-salida-jueves,per_origin_accommodation,852000,,,Bogotá,2,Sí,e225630c-0b11-468e-9af2-af484f6428d6
Individual,nevado-del-cocuy-salida-jueves,per_origin_accommodation,852000,,,Bogotá,2,Sí,679cd485-67bf-4aed-9069-ce1baf141ffe
Individual,nevado-del-cocuy-salida-jueves,per_origin_accommodation,852000,,,Bogotá,2,Sí,84a2df14-3ad8-4ff9-bd2c-8f4fdf26b051
Individual,nevado-del-cocuy-salida-jueves,per_origin_accommodation,852000,,,Bogotá,2,Sí,021a36cb-5919-468f-baa5-f4a2b1fd033c
Individual,nevado-del-cocuy-salida-jueves,per_origin_accommodation,852000,,,Bogotá,2,Sí,bd5fbe08-4413-48be-8e25-c30d6c34c9c8
Individual,nevado-del-cocuy-salida-jueves,per_origin_accommodation,852000,,,Bogotá,2,Sí,9b633a01-a1c7-465b-9448-a786395b35b1
Individual,nevado-del-cocuy-salida-jueves,per_origin_accommodation,852000,,,Bogotá,2,Sí,32a5e895-4729-458f-8e66-7dbe86bd1b5f
Individual,nevado-del-cocuy-salida-jueves,per_origin_accommodation,852000,,,Bogotá,2,Sí,21e7d93e-791e-482e-9a9e-7ddc74213a9f
Individual,nevado-del-cocuy-salida-jueves,per_origin_accommodation,852000,,,Bogotá,2,Sí,f0256a5b-2d3c-4cf7-960b-6c51568196b9
Individual,nevado-del-cocuy-salida-jueves,per_origin_accommodation,852000,,,Bogotá,2,Sí,8bc813f4-4ffc-4fb5-bc3d-fb10eb987e8c
Individual,nevado-del-cocuy-salida-jueves,per_origin_accommodation,852000,,,Bogotá,2,Sí,c28db1ae-0521-4cad-bc76-693f7cf3f226
Individual,nevado-del-cocuy-salida-jueves,per_origin_accommodation,852000,,,Bogotá,2,Sí,8dfa8ec4-63d9-483f-be95-16261d6d8555
Individual,nevado-del-cocuy-salida-jueves,per_origin_accommodation,852000,,,Bogotá,2,Sí,1120c533-9d32-442b-9e01-df0f533e5990
Individual,nevado-del-cocuy-salida-jueves,per_origin_accommodation,852000,,,Bogotá,2,Sí,bdbb5cf4-d390-4c60-b7f5-63c3b1a28b80
Individual,nevado-del-cocuy-salida-jueves,per_origin_accommodation,852000,,,Bogotá,2,Sí,dd700ce2-94c8-4656-8ac9-bf6df7b5c170
Individual,nevado-del-cocuy-salida-jueves,per_origin_accommodation,852000,,,Bogotá,2,Sí,f8bfed89-5753-4309-97ff-540ce8528e2e
Individual,nevado-del-cocuy-salida-jueves,per_origin_accommodation,852000,,,Bogotá,2,Sí,f748484b-9315-42f4-8939-adf1eaf094a3
Individual,nevado-del-cocuy-salida-jueves,per_origin_accommodation,852000,,,Bogotá,2,Sí,b9aa1552-b70c-4e63-876b-3b915f9f15dd
Individual,nevado-del-cocuy-salida-jueves,per_origin_accommodation,852000,,,Bogotá,2,Sí,855fcd0c-d277-4444-b0e8-22e7109b5e3e
Individual,nevado-del-cocuy-salida-jueves,per_origin_accommodation,852000,,,Bogotá,2,Sí,00a3ff93-c4dc-49e0-9ef2-89fe55ffc049
Individual,nevado-del-cocuy-salida-jueves,per_origin_accommodation,852000,,,Bogotá,2,Sí,133b0449-7431-4c71-9c43-dcf8c785e406
Doble,nevado-del-cocuy-salida-jueves,per_origin_accommodation,738000,,,Bogotá,4,Sí,e0e951b4-5897-451a-94a1-4a5b5a2766fc
Doble,nevado-del-cocuy-salida-jueves,per_origin_accommodation,738000,,,Bogotá,4,Sí,fe9cb43d-59bc-4522-b054-6c08b23d1c6d
Doble,nevado-del-cocuy-salida-jueves,per_origin_accommodation,738000,,,Bogotá,4,Sí,4e2dfbb2-e709-49ce-9220-5d5d75232659
Doble,nevado-del-cocuy-salida-jueves,per_origin_accommodation,738000,,,Bogotá,4,Sí,ad442773-61b3-45c1-9f80-342a5e0a668d
Doble,nevado-del-cocuy-salida-jueves,per_origin_accommodation,738000,,,Bogotá,4,Sí,d3d99986-0366-4518-b5f6-d904b6f172c2
Doble,nevado-del-cocuy-salida-jueves,per_origin_accommodation,738000,,,Bogotá,4,Sí,bb3293be-013a-4d49-a451-7e7ee42f780d
Doble,nevado-del-cocuy-salida-jueves,per_origin_accommodation,738000,,,Bogotá,4,Sí,847a6cbd-4166-4fb5-91e5-904d1c9314ad
Doble,nevado-del-cocuy-salida-jueves,per_origin_accommodation,738000,,,Bogotá,4,Sí,3f18b227-cdef-496a-92f0-855565669a88
Doble,nevado-del-cocuy-salida-jueves,per_origin_accommodation,738000,,,Bogotá,4,Sí,952111cd-b207-4a9e-9f66-d2b1705c6a1c
Doble,nevado-del-cocuy-salida-jueves,per_origin_accommodation,738000,,,Bogotá,4,Sí,b08b9359-9aaa-4e1e-8caa-d884b4279225
Doble,nevado-del-cocuy-salida-jueves,per_origin_accommodation,738000,,,Bogotá,4,Sí,ca2d0c50-1b0f-4c7e-beaf-cad9b04540a9
Doble,nevado-del-cocuy-salida-jueves,per_origin_accommodation,738000,,,Bogotá,4,Sí,486e9c19-4aab-44db-968e-37561f9b9519
Doble,nevado-del-cocuy-salida-jueves,per_origin_accommodation,738000,,,Bogotá,4,Sí,d64956fa-ab40-4a38-9a5a-6f9768a631bd
Doble,nevado-del-cocuy-salida-jueves,per_origin_accommodation,738000,,,Bogotá,4,Sí,cf00b050-de8e-4b1b-92ec-fc800eddf275
,nevado-del-cocuy-salida-jueves,per_origin_accommodation,0,,,Bogotá,0,Sí,e0762d7a-5df0-402f-b8d1-7b27a0f1f963
,nevado-del-cocuy-salida-jueves,per_origin_accommodation,0,,,Bogotá,0,Sí,4443329e-022f-4094-a4e4-bc848b31a3dd
,nevado-del-cocuy-salida-jueves,per_origin_accommodation,0,,,Bogotá,0,Sí,3cf1d92f-d1ff-46af-b1cf-3a3837cfd2fa
,nevado-del-cocuy-salida-jueves,per_origin_accommodation,0,,,Bogotá,0,Sí,84ca7ba3-9656-451e-812e-fbd94cbc0e85
,nevado-del-cocuy-salida-jueves,per_origin_accommodation,0,,,Bogotá,0,Sí,bc0276bd-86ff-4248-a8d1-47d9e6f578ec
,nevado-del-cocuy-salida-jueves,per_origin_accommodation,0,,,Bogotá,0,Sí,0e7c3728-2cb3-414d-8788-dfd634163321
,nevado-del-cocuy-salida-jueves,per_origin_accommodation,0,,,Bogotá,0,Sí,d5e857e7-541c-4094-ab09-70e093e2222a
,nevado-del-cocuy-salida-jueves,per_origin_accommodation,0,,,Bogotá,0,Sí,9abb42ee-b91f-41b7-90ce-387390f8f4b1
Individual,nevado-del-cocuy-salida-jueves,per_origin_accommodation,852000,,,Bogotá,2,Sí,1cb5629e-5f14-4828-a502-b81e0cf7999f
,nevado-del-cocuy-salida-jueves,per_origin_accommodation,0,,,Bogotá,0,Sí,f25b781d-a8ed-4ad3-82a1-6d3e897e7ecf
Individual,nevado-del-cocuy-salida-jueves,per_origin_accommodation,852000,,,Bogotá,2,Sí,8508baf4-4275-40f8-90ea-659021bdff53
Individual,nevado-del-cocuy-salida-jueves,per_origin_accommodation,852000,,,Bogotá,2,Sí,917e7058-2613-44f9-9ad2-fe51ca4a2f78
Individual,nevado-del-cocuy-salida-jueves,per_origin_accommodation,852000,,,Bogotá,2,Sí,273aa127-216b-4855-a05e-43608e085182
Individual,nevado-del-cocuy-salida-jueves,per_origin_accommodation,852000,,,Bogotá,2,Sí,8c0d855a-6c47-443f-9fe1-304bb8ba3967
Individual,nevado-del-cocuy-salida-jueves,per_origin_accommodation,852000,,,Bogotá,2,Sí,a4b49d41-afe6-40e6-86bb-f289ed5c7687
Individual,nevado-del-cocuy-salida-jueves,per_origin_accommodation,852000,,,Bogotá,2,Sí,ec97ebc1-f88a-4f51-85d6-f132c805f204
Individual,nevado-del-cocuy-salida-jueves,per_origin_accommodation,852000,,,Bogotá,2,Sí,07f7313e-6bec-48b0-be4d-359ac0bc2961
Individual,nevado-del-cocuy-salida-jueves,per_origin_accommodation,852000,,,Bogotá,2,Sí,7d2c195c-02f8-4530-b715-c20a8eb1e6b0
Individual,nevado-del-cocuy-salida-jueves,per_origin_accommodation,852000,,,Bogotá,2,Sí,202f6bdb-29e2-44ff-a60c-49e71cfa088f
Individual,nevado-del-cocuy-salida-jueves,per_origin_accommodation,852000,,,Bogotá,2,Sí,33128a62-61de-4f05-9a43-733c24b0887f
Individual,nevado-del-cocuy-salida-jueves,per_origin_accommodation,852000,,,Bogotá,2,Sí,48aa88fb-caaf-40b6-a558-1a90a2f127ec
Individual,nevado-del-cocuy-salida-jueves,per_origin_accommodation,852000,,,Bogotá,2,Sí,506d0757-32f3-4365-93c3-db727cf3523c
Individual,nevado-del-cocuy-salida-jueves,per_origin_accommodation,852000,,,Bogotá,2,Sí,e1043a2a-361d-48d7-9232-ec394266d40b
Individual,nevado-del-cocuy-salida-jueves,per_origin_accommodation,852000,,,Bogotá,2,Sí,ba86a743-fe13-4d2a-9b81-002a69ad3151
Individual,nevado-del-cocuy-salida-jueves,per_origin_accommodation,852000,,,Bogotá,2,Sí,21ea71f8-53b9-4a2b-ad61-3b8b6d01b625
Individual,nevado-del-cocuy-salida-jueves,per_origin_accommodation,852000,,,Bogotá,2,Sí,370e7728-c5a1-4a41-96e2-159ecdfaa0b0
Individual,nevado-del-cocuy-salida-jueves,per_origin_accommodation,852000,,,Bogotá,2,Sí,baa47817-244a-49ba-81d4-a0353ebe25fe
Individual,nevado-del-cocuy-salida-jueves,per_origin_accommodation,852000,,,Bogotá,2,Sí,2a7c827f-7771-4fd8-8150-36deb6e724b4
Individual,nevado-del-cocuy-salida-jueves,per_origin_accommodation,852000,,,Bogotá,2,Sí,a57132a9-6e10-45d9-8ee3-67dbae858abe
Individual,nevado-del-cocuy-salida-jueves,per_origin_accommodation,852000,,,Bogotá,2,Sí,86baa5ab-52b8-4797-ab21-a310f9d1b74b
Individual,nevado-del-cocuy-salida-jueves,per_origin_accommodation,852000,,,Bogotá,2,Sí,1a52723e-b576-494d-b1f2-bad527b4cb78
Individual,nevado-del-cocuy-salida-jueves,per_origin_accommodation,852000,,,Bogotá,2,Sí,60c33d72-9755-4e98-8e6e-13aecb55cc94
Individual,nevado-del-cocuy-salida-jueves,per_origin_accommodation,852000,,,Bogotá,2,Sí,aa1c233b-f9dc-4f0e-908c-8461577aa73d
Individual,nevado-del-cocuy-salida-jueves,per_origin_accommodation,852000,,,Bogotá,2,Sí,2a5a9c73-a49d-4765-bc41-e4ee11718040
Individual,nevado-del-cocuy-salida-jueves,per_origin_accommodation,852000,,,Bogotá,2,Sí,20a97dbd-c513-4d24-bbb7-b41b68652c13
Individual,nevado-del-cocuy-salida-jueves,per_origin_accommodation,852000,,,Bogotá,2,Sí,811cd751-ca47-4a8b-ab8f-943d6a1f0dd3
Doble,nevado-del-cocuy-salida-jueves,per_origin_accommodation,738000,,,Bogotá,4,Sí,5efde755-7794-4cfd-a351-fbbb4fd439ba
Doble,nevado-del-cocuy-salida-jueves,per_origin_accommodation,738000,,,Bogotá,4,Sí,52286146-976b-4146-a48e-c7694ff956df
Doble,nevado-del-cocuy-salida-jueves,per_origin_accommodation,738000,,,Bogotá,4,Sí,061866b2-837f-4c72-ab3a-e09723b5e9a1
Doble,nevado-del-cocuy-salida-jueves,per_origin_accommodation,738000,,,Bogotá,4,Sí,a28957c0-cf4e-46d7-9882-51a49309aa37
Doble,nevado-del-cocuy-salida-jueves,per_origin_accommodation,738000,,,Bogotá,4,Sí,846b8fa9-7ffc-4f9d-bd85-332373df9ab4
Doble,nevado-del-cocuy-salida-jueves,per_origin_accommodation,738000,,,Bogotá,4,Sí,ef2cf4ec-bc10-41e0-a092-b8039a8043c9
Doble,nevado-del-cocuy-salida-jueves,per_origin_accommodation,738000,,,Bogotá,4,Sí,2c88b937-5b79-4240-b71c-6af62e69195c
Doble,nevado-del-cocuy-salida-jueves,per_origin_accommodation,738000,,,Bogotá,4,Sí,33df3919-bb7c-4dc4-83f8-65d75748a000
Doble,nevado-del-cocuy-salida-jueves,per_origin_accommodation,738000,,,Bogotá,4,Sí,edff1775-b004-417c-9917-17038bb7522b
Doble,nevado-del-cocuy-salida-jueves,per_origin_accommodation,738000,,,Bogotá,4,Sí,31dbfd12-79ac-4637-8c58-abc775427c28
Doble,nevado-del-cocuy-salida-jueves,per_origin_accommodation,738000,,,Bogotá,4,Sí,55f765c8-140f-40b4-87e8-de071aebbb92
Doble,nevado-del-cocuy-salida-jueves,per_origin_accommodation,738000,,,Bogotá,4,Sí,c72c1d68-1e11-4925-bd91-9bc0e6ce9f58
Doble,nevado-del-cocuy-salida-jueves,per_origin_accommodation,738000,,,Bogotá,4,Sí,f7ec9085-4ce8-414e-a874-4d6121fa1bca
Doble,nevado-del-cocuy-salida-jueves,per_origin_accommodation,738000,,,Bogotá,4,Sí,1c07e397-f977-44cf-be81-53ab70dc1ebf
Doble,nevado-del-cocuy-salida-jueves,per_origin_accommodation,738000,,,Bogotá,4,Sí,cd0fd567-2a4a-4f53-b333-5818f11f817f
Doble,nevado-del-cocuy-salida-jueves,per_origin_accommodation,738000,,,Bogotá,4,Sí,17edccf0-ecdf-4b19-85eb-70c7bcf741bc
Doble,nevado-del-cocuy-salida-jueves,per_origin_accommodation,738000,,,Bogotá,4,Sí,0e003488-13cc-4da5-b636-0e32635d6f15
Doble,nevado-del-cocuy-salida-jueves,per_origin_accommodation,738000,,,Bogotá,4,Sí,7f44f266-c8ca-4274-a26d-2bc763f8dfb8
Doble,nevado-del-cocuy-salida-jueves,per_origin_accommodation,738000,,,Bogotá,4,Sí,517795f2-fb09-4c17-a582-354c80703a55
,nevado-del-cocuy-salida-jueves,per_origin_accommodation,0,,,Bogotá,0,Sí,062cbe0c-6901-47df-962f-f1fb31d58339
,nevado-del-cocuy-salida-jueves,per_origin_accommodation,0,,,Bogotá,0,Sí,106554a2-22ae-4cb6-b733-5d8c0895862b
,nevado-del-cocuy-salida-jueves,per_origin_accommodation,0,,,Bogotá,0,Sí,4f4e108f-2aee-403e-b8e2-29ec2cf3da36
,nevado-del-cocuy-salida-jueves,per_origin_accommodation,0,,,Bogotá,0,Sí,17d4897d-c331-457b-9506-bce65c636965
,nevado-del-cocuy-salida-jueves,per_origin_accommodation,0,,,Bogotá,0,Sí,a57a0621-b0dc-43e6-9947-35c15cb4b7d0
,nevado-del-cocuy-salida-jueves,per_origin_accommodation,0,,,Bogotá,0,Sí,b8c1ac14-e707-4a0a-a9cf-265637530f99
Individual,nevado-del-cocuy-salida-jueves,per_origin_accommodation,852000,,,Bogotá,2,Sí,a2dc6379-6bcb-4abb-9f59-a838e5d66b06
,nevado-del-cocuy-salida-jueves,per_origin_accommodation,0,,,Bogotá,0,Sí,123ba2bc-4bc9-4bd3-808a-1ce86f50d76a
,nevado-del-cocuy-salida-jueves,per_origin_accommodation,0,,,Bogotá,0,Sí,186711a7-bbfa-4bb3-8465-78486f96fb1c
Individual,nevado-del-cocuy-salida-jueves,per_origin_accommodation,852000,,,Bogotá,2,Sí,d4cdff67-b198-4cbd-87b2-f6373fedc6ae
,nevado-del-cocuy-salida-jueves,per_origin_accommodation,0,,,Bogotá,0,Sí,50489854-9700-400d-8cd8-9e1c60d99d11
Individual,nevado-del-cocuy-salida-jueves,per_origin_accommodation,852000,,,Bogotá,2,Sí,e67995f7-b921-4698-9a18-1150dc8d0700
Individual,nevado-del-cocuy-salida-jueves,per_origin_accommodation,852000,,,Bogotá,2,Sí,24281438-a6fd-481f-bb8f-d56879af9965
Individual,nevado-del-cocuy-salida-jueves,per_origin_accommodation,852000,,,Bogotá,2,Sí,91f0a413-abc1-41a7-a5a4-82b0e8da6c87
Individual,nevado-del-cocuy-salida-jueves,per_origin_accommodation,852000,,,Bogotá,2,Sí,357cb9d4-755e-4d83-8e0a-3c850b0d5cf0
Individual,nevado-del-cocuy-salida-jueves,per_origin_accommodation,852000,,,Bogotá,2,Sí,aca94bca-bd75-4701-a875-2bea690b25b9
Individual,nevado-del-cocuy-salida-jueves,per_origin_accommodation,852000,,,Bogotá,2,Sí,92918716-f1b2-48d5-a35f-e758e1b95adb
Individual,nevado-del-cocuy-salida-jueves,per_origin_accommodation,852000,,,Bogotá,2,Sí,cb8d3a93-c879-4f6d-882a-f651c085a26a
Individual,nevado-del-cocuy-salida-jueves,per_origin_accommodation,852000,,,Bogotá,2,Sí,5b528417-8089-44bb-87eb-2632fe33c7b8
Individual,nevado-del-cocuy-salida-jueves,per_origin_accommodation,852000,,,Bogotá,2,Sí,8817f177-be8c-44bf-b190-e71676ece11e
Individual,nevado-del-cocuy-salida-jueves,per_origin_accommodation,852000,,,Bogotá,2,Sí,cf91ff53-85f7-4f70-8522-1ae15dca2337
Individual,nevado-del-cocuy-salida-jueves,per_origin_accommodation,852000,,,Bogotá,2,Sí,e5555a38-f5ea-48f8-84c3-2b11a6b3cb29
Individual,nevado-del-cocuy-salida-jueves,per_origin_accommodation,852000,,,Bogotá,2,Sí,9f827b50-5129-48c1-aee3-ea35a041a0b7
Individual,nevado-del-cocuy-salida-jueves,per_origin_accommodation,852000,,,Bogotá,2,Sí,1c40cba9-b53a-459f-a0ce-fe1629f5d6e4
Individual,nevado-del-cocuy-salida-jueves,per_origin_accommodation,852000,,,Bogotá,2,Sí,bf071e27-8b55-4cb8-ae38-fc1a916b9af4
Individual,nevado-del-cocuy-salida-jueves,per_origin_accommodation,852000,,,Bogotá,2,Sí,d0bb45ac-e055-40f4-9d37-1c7ac5bdc95d
Individual,nevado-del-cocuy-salida-jueves,per_origin_accommodation,852000,,,Bogotá,2,Sí,3e877aba-cb5f-4e99-b6b7-a874f6c5abee
Individual,nevado-del-cocuy-salida-jueves,per_origin_accommodation,852000,,,Bogotá,2,Sí,ba1efabe-6fc7-42aa-a869-e9f30c060f07
Individual,nevado-del-cocuy-salida-jueves,per_origin_accommodation,852000,,,Bogotá,2,Sí,17e2346b-d8cc-4605-a917-1f3e961ada2b
Individual,nevado-del-cocuy-salida-jueves,per_origin_accommodation,852000,,,Bogotá,2,Sí,80447686-cab0-4624-a06e-e15ed4e7d1fc
Individual,nevado-del-cocuy-salida-jueves,per_origin_accommodation,852000,,,Bogotá,2,Sí,720676d7-f281-4a51-bfe0-88721c47fed1
Individual,nevado-del-cocuy-salida-jueves,per_origin_accommodation,852000,,,Bogotá,2,Sí,aa7077d1-7da2-4feb-b2b0-5c5e08bbef33
Individual,nevado-del-cocuy-salida-jueves,per_origin_accommodation,852000,,,Bogotá,2,Sí,b4bf466a-b993-48b9-93be-6795334a3edd
Individual,nevado-del-cocuy-salida-jueves,per_origin_accommodation,852000,,,Bogotá,2,Sí,e48fc352-8f5d-45c4-9259-0ff4060e1686
Individual,nevado-del-cocuy-salida-jueves,per_origin_accommodation,852000,,,Bogotá,2,Sí,387f26cf-c21a-45c0-9646-32dc7f576830
Doble,nevado-del-cocuy-salida-jueves,per_origin_accommodation,738000,,,Bogotá,4,Sí,6798bf80-01ad-482b-9b97-48f3e0214714
Doble,nevado-del-cocuy-salida-jueves,per_origin_accommodation,738000,,,Bogotá,4,Sí,967560be-79b8-40d8-984c-af7225176598
Doble,nevado-del-cocuy-salida-jueves,per_origin_accommodation,738000,,,Bogotá,4,Sí,194c7391-e502-4db6-ad2a-93ebf2ecabca
Doble,nevado-del-cocuy-salida-jueves,per_origin_accommodation,738000,,,Bogotá,4,Sí,3f8e71d0-ab83-4b35-8773-51ee4978efc8
Doble,nevado-del-cocuy-salida-jueves,per_origin_accommodation,738000,,,Bogotá,4,Sí,364d2153-5b14-4c43-9efd-0e75db8b6a14
Doble,nevado-del-cocuy-salida-jueves,per_origin_accommodation,738000,,,Bogotá,4,Sí,7f1e1f3d-aa52-43ad-9ad6-34b4045ac483
Doble,nevado-del-cocuy-salida-jueves,per_origin_accommodation,738000,,,Bogotá,4,Sí,41ee4495-7265-468d-a3ae-e76cef544605
Doble,nevado-del-cocuy-salida-jueves,per_origin_accommodation,738000,,,Bogotá,4,Sí,3494dad7-0d5c-4034-824b-14af8a7acb1f
Doble,nevado-del-cocuy-salida-jueves,per_origin_accommodation,738000,,,Bogotá,4,Sí,697ca965-e64e-48a5-aed1-b80199700171
Doble,nevado-del-cocuy-salida-jueves,per_origin_accommodation,738000,,,Bogotá,4,Sí,24557900-0f79-455c-85ac-448f0378ef4b
Doble,nevado-del-cocuy-salida-jueves,per_origin_accommodation,738000,,,Bogotá,4,Sí,c2ba9e0f-dce8-401e-9726-6878e6dbccd1
Doble,nevado-del-cocuy-salida-jueves,per_origin_accommodation,738000,,,Bogotá,4,Sí,aefbf848-4344-4bf4-85d4-e92ef9bff706
Doble,nevado-del-cocuy-salida-jueves,per_origin_accommodation,738000,,,Bogotá,4,Sí,74a1d287-7c59-4d04-9e62-1fe5a0b1cf75
Doble,nevado-del-cocuy-salida-jueves,per_origin_accommodation,738000,,,Bogotá,4,Sí,d5b63799-bc83-481b-9bf2-89587b92dcf8
Doble,nevado-del-cocuy-salida-jueves,per_origin_accommodation,738000,,,Bogotá,4,Sí,8bedf6c7-b8aa-4ea3-a40d-dbbb6831e14e
Doble,nevado-del-cocuy-salida-jueves,per_origin_accommodation,738000,,,Bogotá,4,Sí,0b83feb4-94b6-46c9-aa10-dd144750279d
Doble,nevado-del-cocuy-salida-jueves,per_origin_accommodation,738000,,,Bogotá,4,Sí,20a10c47-e4b6-4560-af9c-6a8e205ce816
,nevado-del-cocuy-salida-jueves,per_origin_accommodation,0,,,Bogotá,0,Sí,218cca89-382f-418b-824c-8b328f148bc0
,nevado-del-cocuy-salida-jueves,per_origin_accommodation,0,,,Bogotá,0,Sí,9271ed76-1954-4610-9ae0-a868896ad350
,nevado-del-cocuy-salida-jueves,per_origin_accommodation,0,,,Bogotá,0,Sí,30afb186-0340-4760-9282-e6ef74859564
,nevado-del-cocuy-salida-jueves,per_origin_accommodation,0,,,Bogotá,0,Sí,bd978389-32db-4b67-bf13-442855d1974f
,nevado-del-cocuy-salida-jueves,per_origin_accommodation,0,,,Bogotá,0,Sí,b959d634-2c28-4545-a740-e0be2a047318
,nevado-del-cocuy-salida-jueves,per_origin_accommodation,0,,,Bogotá,0,Sí,ea71f632-7997-4e20-8787-0d2d6030bf31
,nevado-del-cocuy-salida-jueves,per_origin_accommodation,0,,,Bogotá,0,Sí,8cc90558-de53-4f98-9c59-ed8029222092
Individual,nevado-del-cocuy-salida-jueves,per_origin_accommodation,852000,,,Bogotá,2,Sí,240bf85c-6be3-4654-a729-a27a69359223
Individual,nevado-del-cocuy-salida-jueves,per_origin_accommodation,852000,,,Bogotá,2,Sí,8f5b0ef7-5230-4e19-8b9f-bc5a2b75c0d0
Individual,nevado-del-cocuy-salida-jueves,per_origin_accommodation,852000,,,Bogotá,2,Sí,ebfa5eb3-44f3-4f40-895c-0d3ea70d3b6a
Individual,nevado-del-cocuy-salida-jueves,per_origin_accommodation,852000,,,Bogotá,2,Sí,9b327187-37e2-44d6-b8a0-1948cf33b874
Individual,nevado-del-cocuy-salida-jueves,per_origin_accommodation,852000,,,Bogotá,2,Sí,f95f6b93-b38d-4e70-9ef3-4d7a8e7f9b80
Individual,nevado-del-cocuy-salida-jueves,per_origin_accommodation,852000,,,Bogotá,2,Sí,3a293a4d-ae39-403e-8361-bb40ef2675a2
Individual,nevado-del-cocuy-salida-jueves,per_origin_accommodation,852000,,,Bogotá,2,Sí,9e9ea26a-1e81-44de-ac5f-20c171cd2493
Individual,nevado-del-cocuy-salida-jueves,per_origin_accommodation,852000,,,Bogotá,2,Sí,579fda1c-fcd3-4488-a312-80f277b21a65
Individual,nevado-del-cocuy-salida-jueves,per_origin_accommodation,852000,,,Bogotá,2,Sí,2634049e-357d-4163-b8f0-cc917164b126
Individual,nevado-del-cocuy-salida-jueves,per_origin_accommodation,852000,,,Bogotá,2,Sí,19f67785-f257-4c86-a4a3-5da93dc2e92a
Individual,nevado-del-cocuy-salida-jueves,per_origin_accommodation,852000,,,Bogotá,2,Sí,3606b63c-5f2b-4036-8915-4585ccf78436
Individual,nevado-del-cocuy-salida-jueves,per_origin_accommodation,852000,,,Bogotá,2,Sí,5cd7d1f3-b429-437a-a94f-fd1964855034
Individual,nevado-del-cocuy-salida-jueves,per_origin_accommodation,852000,,,Bogotá,2,Sí,88aa70f9-4d52-42dd-88bd-f2d58a574bb8
Individual,nevado-del-cocuy-salida-jueves,per_origin_accommodation,852000,,,Bogotá,2,Sí,bcca47d3-d8f3-42c7-a195-204f95177609
Individual,nevado-del-cocuy-salida-jueves,per_origin_accommodation,852000,,,Bogotá,2,Sí,98327536-18c5-4577-a0e6-0c400ca62cf4
Individual,nevado-del-cocuy-salida-jueves,per_origin_accommodation,852000,,,Bogotá,2,Sí,07e825ea-5d09-40fb-bac8-4c901f487642
Individual,nevado-del-cocuy-salida-jueves,per_origin_accommodation,852000,,,Bogotá,2,Sí,16d0d2f3-1310-4554-a3d1-4c13ab0005aa
Individual,nevado-del-cocuy-salida-jueves,per_origin_accommodation,852000,,,Bogotá,2,Sí,ac88e280-90d7-47d2-b690-267e50638c46
Individual,nevado-del-cocuy-salida-jueves,per_origin_accommodation,852000,,,Bogotá,2,Sí,c496d4c9-d349-44f2-94fd-e8a17f517a49
Individual,nevado-del-cocuy-salida-jueves,per_origin_accommodation,852000,,,Bogotá,2,Sí,0182d5b1-79c3-4f39-9631-85137cd9e7f5
Individual,nevado-del-cocuy-salida-jueves,per_origin_accommodation,852000,,,Bogotá,2,Sí,594b4836-1c54-46e5-869e-2567d791d96f
Individual,nevado-del-cocuy-salida-jueves,per_origin_accommodation,852000,,,Bogotá,2,Sí,8a6211c1-f7dd-43f8-b2bd-67ed0d27153f
Individual,nevado-del-cocuy-salida-jueves,per_origin_accommodation,852000,,,Bogotá,2,Sí,9838ac4f-c4ce-4526-9e45-46e87dca06c1
Individual,nevado-del-cocuy-salida-jueves,per_origin_accommodation,852000,,,Bogotá,2,Sí,1d0599e8-161d-4387-8151-6dfc9d51b0a7
Individual,nevado-del-cocuy-salida-jueves,per_origin_accommodation,852000,,,Bogotá,2,Sí,a3e8e644-c61c-4d0f-aad4-02ded5200a24
Individual,nevado-del-cocuy-salida-jueves,per_origin_accommodation,852000,,,Bogotá,2,Sí,15c8e416-dba5-4e30-9652-c704695d918a
Individual,nevado-del-cocuy-salida-jueves,per_origin_accommodation,852000,,,Bogotá,2,Sí,3c7aac04-a237-45a6-8bde-8b0971e37a7e
Individual,nevado-del-cocuy-salida-jueves,per_origin_accommodation,852000,,,Bogotá,2,Sí,5e5b8151-c6d7-45e8-a32a-bf21cb4f5f21
Individual,nevado-del-cocuy-salida-jueves,per_origin_accommodation,852000,,,Bogotá,2,Sí,825a06d3-5517-42af-953c-90c16d1a4dee
Doble,nevado-del-cocuy-salida-jueves,per_origin_accommodation,738000,,,Bogotá,4,Sí,bb89759a-cfd6-4557-857e-79283d6b6f8e
Doble,nevado-del-cocuy-salida-jueves,per_origin_accommodation,738000,,,Bogotá,4,Sí,bff2d56a-d20e-4fad-8e3c-51092015f06d
Doble,nevado-del-cocuy-salida-jueves,per_origin_accommodation,738000,,,Bogotá,4,Sí,e690c958-6e3e-4b9c-b3f5-c4fe2a4b4d9f
Doble,nevado-del-cocuy-salida-jueves,per_origin_accommodation,738000,,,Bogotá,4,Sí,a359bcaa-6c9d-44b7-88e1-ffcc4fcb7ce2
Doble,nevado-del-cocuy-salida-jueves,per_origin_accommodation,738000,,,Bogotá,4,Sí,f60f333b-8e48-4fcc-b7b3-8f1d9621a44c
Doble,nevado-del-cocuy-salida-jueves,per_origin_accommodation,738000,,,Bogotá,4,Sí,47d48940-f9aa-4e33-9806-729209544efe
Doble,nevado-del-cocuy-salida-jueves,per_origin_accommodation,738000,,,Bogotá,4,Sí,e86829b4-f6ff-4bfd-bc16-8862542a731d
Doble,nevado-del-cocuy-salida-jueves,per_origin_accommodation,738000,,,Bogotá,4,Sí,0343929a-f521-40af-be28-ef60fb40f39f
Doble,nevado-del-cocuy-salida-jueves,per_origin_accommodation,738000,,,Bogotá,4,Sí,3429055b-f5b6-43e7-bd72-ced53c3c3763
Doble,nevado-del-cocuy-salida-jueves,per_origin_accommodation,738000,,,Bogotá,4,Sí,2fcffca5-0309-463b-a110-adafcdd636f8
Doble,nevado-del-cocuy-salida-jueves,per_origin_accommodation,738000,,,Bogotá,4,Sí,12817940-0091-4ea6-9ff0-d0ee344f6323
Doble,nevado-del-cocuy-salida-jueves,per_origin_accommodation,738000,,,Bogotá,4,Sí,fa520486-6d6a-4905-af8b-2615d3e46dc8
Doble,nevado-del-cocuy-salida-jueves,per_origin_accommodation,738000,,,Bogotá,4,Sí,3284098b-8570-4abb-bde0-ab3913ee8825
Doble,nevado-del-cocuy-salida-jueves,per_origin_accommodation,738000,,,Bogotá,4,Sí,d7471fc8-753e-4664-b8db-23fa67c78034
,nevado-del-cocuy-salida-jueves,per_origin_accommodation,0,,,Bogotá,0,Sí,4bdc46e7-424e-4073-a4bb-4663b601d54d
,nevado-del-cocuy-salida-jueves,per_origin_accommodation,0,,,Bogotá,0,Sí,7153a34b-411d-47e5-a434-ea74be6ca1d5
,nevado-del-cocuy-salida-jueves,per_origin_accommodation,0,,,Bogotá,0,Sí,76a839d2-414a-4401-abd2-202cf779ef73
,nevado-del-cocuy-salida-jueves,per_origin_accommodation,0,,,Bogotá,0,Sí,0b819ef6-0d71-461f-96a7-afeb4dd44299
,nevado-del-cocuy-salida-jueves,per_origin_accommodation,0,,,Bogotá,0,Sí,3c80dae9-f7b6-4127-b92c-f581a01b0751
,nevado-del-cocuy-salida-jueves,per_origin_accommodation,0,,,Bogotá,0,Sí,bc91fcd8-8a16-4dcb-999c-ed288449adf4
,nevado-del-cocuy-salida-jueves,per_origin_accommodation,0,,,Bogotá,0,Sí,8a876965-619c-4856-8482-aaa53eb87cf5
Individual,nevado-del-cocuy-salida-jueves,per_origin_accommodation,852000,,,Bogotá,2,Sí,43274c52-d244-426e-b89d-e01a20a0947f
Individual,nevado-del-cocuy-salida-jueves,per_origin_accommodation,852000,,,Bogotá,2,Sí,a7758ade-c39d-4027-b056-9a1b32f076e3
Individual,nevado-del-cocuy-salida-jueves,per_origin_accommodation,852000,,,Bogotá,2,Sí,6ffd49c1-57d1-471e-b3a4-d9f7b3595dc8
Individual,nevado-del-cocuy-salida-jueves,per_origin_accommodation,852000,,,Bogotá,2,Sí,315b6eb4-deda-48f5-bbc1-f59676a76aa6
Individual,nevado-del-cocuy-salida-jueves,per_origin_accommodation,852000,,,Bogotá,2,Sí,a1b0ee83-082b-46d2-ac95-4b8e96d6743a
Individual,nevado-del-cocuy-salida-jueves,per_origin_accommodation,852000,,,Bogotá,2,Sí,d62b8223-7666-4893-96bb-16405802e859
Individual,nevado-del-cocuy-salida-jueves,per_origin_accommodation,852000,,,Bogotá,2,Sí,5e9a7254-642a-48da-9ec8-7828a405647b
Individual,nevado-del-cocuy-salida-jueves,per_origin_accommodation,852000,,,Bogotá,2,Sí,f70d7b44-7c0b-4591-a90d-da18837a3d80
Individual,nevado-del-cocuy-salida-jueves,per_origin_accommodation,852000,,,Bogotá,2,Sí,a47745fd-c0d5-4335-9265-2fe022d93ea8
Individual,nevado-del-cocuy-salida-jueves,per_origin_accommodation,852000,,,Bogotá,2,Sí,61520018-d221-4271-84ba-c66f70e4356f
Individual,nevado-del-cocuy-salida-jueves,per_origin_accommodation,852000,,,Bogotá,2,Sí,1ea8bc4f-f4bf-492e-812b-9567504d2466
Individual,nevado-del-cocuy-salida-jueves,per_origin_accommodation,852000,,,Bogotá,2,Sí,3902bd03-4a7f-48d8-800f-1927333dae3e
Individual,nevado-del-cocuy-salida-jueves,per_origin_accommodation,852000,,,Bogotá,2,Sí,ca06edcd-b07c-4263-9fe2-7991e4a5be15
Individual,nevado-del-cocuy-salida-jueves,per_origin_accommodation,852000,,,Bogotá,2,Sí,c4982049-e2ac-45ae-b841-d3ea62b87c20
Individual,nevado-del-cocuy-salida-jueves,per_origin_accommodation,852000,,,Bogotá,2,Sí,4625cf4a-891f-40fa-a561-54bf455d1edf
Individual,nevado-del-cocuy-salida-jueves,per_origin_accommodation,852000,,,Bogotá,2,Sí,3652d95c-5ea7-4a85-a7fe-595bf69452ff
Individual,nevado-del-cocuy-salida-jueves,per_origin_accommodation,852000,,,Bogotá,2,Sí,69b9ce60-b366-4316-bd5e-9a7bd77c29d2
Individual,nevado-del-cocuy-salida-jueves,per_origin_accommodation,840000,,,Bogotá,2,Sí,65829fa0-806e-4e32-a981-df9195cf5eed
Individual,nevado-del-cocuy-salida-jueves,per_origin_accommodation,852000,,,Bogotá,2,Sí,56834ebc-8457-4a37-b140-59db7eb11382
Individual,nevado-del-cocuy-salida-jueves,per_origin_accommodation,852000,,,Bogotá,2,Sí,e6d77fc9-3f0d-4698-a042-36314811f640
Individual,nevado-del-cocuy-salida-jueves,per_origin_accommodation,852000,,,Bogotá,2,Sí,30f55592-b72c-4a3f-8ecb-b6f14922ebfc
Individual,nevado-del-cocuy-salida-jueves,per_origin_accommodation,852000,,,Bogotá,2,Sí,8036d84c-7347-404f-b457-2d0c747ba5fe
Individual,nevado-del-cocuy-salida-jueves,per_origin_accommodation,852000,,,Bogotá,2,Sí,df24db75-9d27-4e9f-ac1c-21e713bcd6d0
Individual,nevado-del-cocuy-salida-jueves,per_origin_accommodation,852000,,,Bogotá,2,Sí,88ba981d-b4d9-4c35-9e90-9ffcc3ca2050
Individual,nevado-del-cocuy-salida-jueves,per_origin_accommodation,852000,,,Bogotá,2,Sí,9ee00f80-a5e6-404c-b691-8297756dcb25
Individual,nevado-del-cocuy-salida-jueves,per_origin_accommodation,852000,,,Bogotá,2,Sí,11302c4f-4087-4a20-8868-5f400c01a1e3
Doble,nevado-del-cocuy-salida-jueves,per_origin_accommodation,738000,,,Bogotá,4,Sí,d0da2ff5-29ee-4d1b-9eab-95a0cdf23b8f
Doble,nevado-del-cocuy-salida-jueves,per_origin_accommodation,738000,,,Bogotá,4,Sí,2edcd2e1-4d69-4c3e-b7d5-b0206f33eafb
Doble,nevado-del-cocuy-salida-jueves,per_origin_accommodation,738000,,,Bogotá,4,Sí,d280870a-2181-40f7-9c35-4209c6189f36
Doble,nevado-del-cocuy-salida-jueves,per_origin_accommodation,738000,,,Bogotá,4,Sí,0e8c84f8-1ac7-4536-91f1-bec449e51690
Doble,nevado-del-cocuy-salida-jueves,per_origin_accommodation,738000,,,Bogotá,4,Sí,7b741395-9da6-4a80-b1d4-392b97a5228e
Doble,nevado-del-cocuy-salida-jueves,per_origin_accommodation,738000,,,Bogotá,4,Sí,2a03004e-f464-4104-829f-b327ffd79012
Doble,nevado-del-cocuy-salida-jueves,per_origin_accommodation,738000,,,Bogotá,4,Sí,bbf8de3a-5efe-4859-9335-466723f25ac7
Doble,nevado-del-cocuy-salida-jueves,per_origin_accommodation,738000,,,Bogotá,4,Sí,6d40ced5-76b1-4afa-ab44-f20452547748
Doble,nevado-del-cocuy-salida-jueves,per_origin_accommodation,738000,,,Bogotá,4,Sí,a2c29dac-8804-492b-84cc-b88f3fbe8136
Doble,nevado-del-cocuy-salida-jueves,per_origin_accommodation,738000,,,Bogotá,4,Sí,15d500d4-7fda-410f-a256-e6f01e09fd3c
Doble,nevado-del-cocuy-salida-jueves,per_origin_accommodation,738000,,,Bogotá,4,Sí,5c681652-2dd0-496b-99fe-b892696d8e9e
Doble,nevado-del-cocuy-salida-jueves,per_origin_accommodation,738000,,,Bogotá,4,Sí,87dba8ae-a7c2-48d0-856d-2419ca0e9b8d
Doble,nevado-del-cocuy-salida-jueves,per_origin_accommodation,738000,,,Bogotá,4,Sí,bf4972f5-041a-455e-a315-c29ca7b10da7
Doble,nevado-del-cocuy-salida-jueves,per_origin_accommodation,738000,,,Bogotá,4,Sí,f97c8b48-ce6a-4966-bc1b-9b1a84b2e255
Doble,nevado-del-cocuy-salida-jueves,per_origin_accommodation,738000,,,Bogotá,4,Sí,4393b731-b62e-4588-8911-58c05b40127f
Doble,nevado-del-cocuy-salida-jueves,per_origin_accommodation,738000,,,Bogotá,4,Sí,58b4400b-75d3-4306-8e6e-9b56b560b181
Doble,nevado-del-cocuy-salida-jueves,per_origin_accommodation,738000,,,Bogotá,4,Sí,caa42b99-031c-409c-8032-c1a794b2bd54
Doble,nevado-del-cocuy-salida-jueves,per_origin_accommodation,738000,,,Bogotá,4,Sí,7e0a18e0-43ed-46ed-932f-becf51a552fc
Doble,nevado-del-cocuy-salida-jueves,per_origin_accommodation,738000,,,Bogotá,4,Sí,6eae00c5-afe5-46d8-85fa-fd9cd3df73ae
,nevado-del-cocuy-salida-jueves,per_origin_accommodation,0,,,Bogotá,0,Sí,c34d9b02-39f3-4afa-a703-ba430c5aedb3
,nevado-del-cocuy-salida-jueves,per_origin_accommodation,0,,,Bogotá,0,Sí,f92b8b51-ef3d-43f0-b5a4-077a46f17170
,nevado-del-cocuy-salida-jueves,per_origin_accommodation,0,,,Bogotá,0,Sí,8a711e77-914a-48c9-a9d0-4b5329dd04d8
,nevado-del-cocuy-salida-jueves,per_origin_accommodation,0,,,Bogotá,0,Sí,e9cfc7e7-c58a-418e-bf79-5dbccd3f13b7
,nevado-del-cocuy-salida-jueves,per_origin_accommodation,0,,,Bogotá,0,Sí,6336c515-4076-491c-83f2-723e7dc38387
,nevado-del-cocuy-salida-jueves,per_origin_accommodation,0,,,Bogotá,0,Sí,fbef6c7f-70f1-45ce-9bd3-4894c8db24ce
,nevado-del-cocuy-salida-jueves,per_origin_accommodation,0,,,Bogotá,0,Sí,eaa46046-cd10-4039-9c9a-13b4def1309d
Individual,nevado-del-cocuy-salida-jueves,per_origin_accommodation,852000,,,Bogotá,2,Sí,18e4ceb9-f945-4e21-b89b-0c495a84a0eb
,nevado-del-cocuy-salida-jueves,per_origin_accommodation,0,,,Bogotá,0,Sí,c9b93b7f-a60b-4e92-8ebc-a1bcb74ad56d
Individual,nevado-del-cocuy-salida-jueves,per_origin_accommodation,852000,,,Bogotá,2,Sí,77eebb14-ce90-4d92-a83b-d233b6746c8f
Individual,nevado-del-cocuy-salida-jueves,per_origin_accommodation,852000,,,Bogotá,2,Sí,5f3cc364-5299-4e59-85c4-bfdf284db19e
Individual,nevado-del-cocuy-salida-jueves,per_origin_accommodation,852000,,,Bogotá,2,Sí,7d399159-b02b-40b0-850c-a47f8066c221
Individual,nevado-del-cocuy-salida-jueves,per_origin_accommodation,852000,,,Bogotá,2,Sí,af925b99-0f57-44c7-8e3d-0a8e01823ab0
Individual,nevado-del-cocuy-salida-jueves,per_origin_accommodation,852000,,,Bogotá,2,Sí,94020a01-710f-4cbd-90e6-f61057a45d83
Individual,nevado-del-cocuy-salida-jueves,per_origin_accommodation,852000,,,Bogotá,2,Sí,af0f2155-a3fe-4895-a50d-f02e2d729f90
Individual,nevado-del-cocuy-salida-jueves,per_origin_accommodation,852000,,,Bogotá,2,Sí,6b6504be-8a61-4498-bea4-74ea2d478d89
Individual,nevado-del-cocuy-salida-jueves,per_origin_accommodation,852000,,,Bogotá,2,Sí,2dba4c8c-b68e-4cb1-b72d-8e5bfb199759
Individual,nevado-del-cocuy-salida-jueves,per_origin_accommodation,852000,,,Bogotá,2,Sí,fbfb6315-a362-4d1c-86d0-112fa815705d
Individual,nevado-del-cocuy-salida-jueves,per_origin_accommodation,852000,,,Bogotá,2,Sí,aa66bc30-fb82-4817-8f56-178347d15fb5
Individual,nevado-del-cocuy-salida-jueves,per_origin_accommodation,852000,,,Bogotá,2,Sí,d400602a-ed0b-4820-a036-1229b0f52bf4
Individual,nevado-del-cocuy-salida-jueves,per_origin_accommodation,852000,,,Bogotá,2,Sí,b79499d1-489d-49a4-a5a4-91c49ce14c8e
Individual,nevado-del-cocuy-salida-jueves,per_origin_accommodation,852000,,,Bogotá,2,Sí,4e93a709-a41d-4789-a3d7-7928570f60d3
Individual,nevado-del-cocuy-salida-jueves,per_origin_accommodation,852000,,,Bogotá,2,Sí,abed05bf-f62d-46a6-9633-6879a64b3dbf
Individual,nevado-del-cocuy-salida-jueves,per_origin_accommodation,852000,,,Bogotá,2,Sí,05342f3e-384a-4bd7-8409-0060e2ff6c5c
Individual,nevado-del-cocuy-salida-jueves,per_origin_accommodation,852000,,,Bogotá,2,Sí,a9e13920-c1de-4ad5-a8a2-f0d15f1f3240
Individual,nevado-del-cocuy-salida-jueves,per_origin_accommodation,852000,,,Bogotá,2,Sí,9c82e698-a6ba-49bf-b490-6d2536bb4360
Individual,nevado-del-cocuy-salida-jueves,per_origin_accommodation,852000,,,Bogotá,2,Sí,c8f475ad-c339-4973-9fd1-7ef2d7310d78
Individual,nevado-del-cocuy-salida-jueves,per_origin_accommodation,852000,,,Bogotá,2,Sí,3930bef1-a97a-439d-a6ce-0d99ff03b57d
Individual,nevado-del-cocuy-salida-jueves,per_origin_accommodation,852000,,,Bogotá,2,Sí,1b0bf39a-b1d7-4e81-960f-fa44fffc06a8
Individual,nevado-del-cocuy-salida-jueves,per_origin_accommodation,852000,,,Bogotá,2,Sí,190837ca-40bf-4278-8070-a59c44f63924
Individual,nevado-del-cocuy-salida-jueves,per_origin_accommodation,852000,,,Bogotá,2,Sí,ceb9253a-2a2b-4fb8-ad96-29f89717e237
Individual,nevado-del-cocuy-salida-jueves,per_origin_accommodation,852000,,,Bogotá,2,Sí,869aa703-d871-42a5-ba8e-972a797e8b91
Individual,nevado-del-cocuy-salida-jueves,per_origin_accommodation,852000,,,Bogotá,2,Sí,63919817-3337-46eb-993e-9ad3e16f806b
Doble,nevado-del-cocuy-salida-jueves,per_origin_accommodation,738000,,,Bogotá,4,Sí,fbdd1ece-d66d-42e8-93c9-de622d7dade2
Doble,nevado-del-cocuy-salida-jueves,per_origin_accommodation,738000,,,Bogotá,4,Sí,39133a27-9c03-4c05-a6f1-ef4e66269610
Individual,nevado-del-cocuy-salida-jueves,per_origin_accommodation,852000,,,Bogotá,2,Sí,46817726-8046-4ccb-92a0-596d077655b5
Doble,nevado-del-cocuy-salida-jueves,per_origin_accommodation,738000,,,Bogotá,4,Sí,d9bc6e35-746a-433a-93ca-43665756b9c9
Doble,nevado-del-cocuy-salida-jueves,per_origin_accommodation,738000,,,Bogotá,4,Sí,67358b04-0744-4039-bccd-5c76536c00bf
Doble,nevado-del-cocuy-salida-jueves,per_origin_accommodation,738000,,,Bogotá,4,Sí,8403edac-e390-4a46-bbf4-2a070686a2f8
Doble,nevado-del-cocuy-salida-jueves,per_origin_accommodation,738000,,,Bogotá,4,Sí,62df6a3f-9482-43fc-82ec-32a267719ddc
Doble,nevado-del-cocuy-salida-jueves,per_origin_accommodation,738000,,,Bogotá,4,Sí,6daacdac-e926-4471-a51f-7f4bf29a6f6c
Doble,nevado-del-cocuy-salida-jueves,per_origin_accommodation,738000,,,Bogotá,4,Sí,4646f5fe-aa42-482b-9a36-a2597d25090a
Doble,nevado-del-cocuy-salida-jueves,per_origin_accommodation,738000,,,Bogotá,4,Sí,c28247fc-c008-49b0-8a8f-577556d550c9
Doble,nevado-del-cocuy-salida-jueves,per_origin_accommodation,738000,,,Bogotá,4,Sí,af7ac6d6-c612-4bbe-bc13-c2a6759b9d37
Doble,nevado-del-cocuy-salida-jueves,per_origin_accommodation,738000,,,Bogotá,4,Sí,73a15910-887a-486c-81ee-b78c62166e61
Doble,nevado-del-cocuy-salida-jueves,per_origin_accommodation,738000,,,Bogotá,4,Sí,aca954f7-2d6d-4b03-abba-391e472b9d10
Doble,nevado-del-cocuy-salida-jueves,per_origin_accommodation,738000,,,Bogotá,4,Sí,24381071-7b1d-4cb9-8a48-afda5ae6a936
Doble,nevado-del-cocuy-salida-jueves,per_origin_accommodation,738000,,,Bogotá,4,Sí,da0256e4-24ae-4b1a-9488-1587c19d5c45
Doble,nevado-del-cocuy-salida-jueves,per_origin_accommodation,738000,,,Bogotá,4,Sí,f7a7ed63-3551-4b29-af9f-4a5a2838a5bb
Doble,nevado-del-cocuy-salida-jueves,per_origin_accommodation,738000,,,Bogotá,4,Sí,1b537a2b-8916-4081-80b6-d6d5ca0a31ea
Doble,nevado-del-cocuy-salida-jueves,per_origin_accommodation,738000,,,Bogotá,4,Sí,6c0cffe3-c785-4020-86fe-3402cc677ff5
Doble,nevado-del-cocuy-salida-jueves,per_origin_accommodation,738000,,,Bogotá,4,Sí,0b79340f-23a5-4c35-9fc3-03fb5dcb999d
Multiple,nevado-del-cocuy-salida-jueves,per_origin_accommodation,660000,,,Bogotá,515,Sí,f574e7ed-4f11-4e24-8150-758278ba58e5
,nevado-del-cocuy-salida-jueves,per_origin_accommodation,0,,,Bogotá,0,Sí,2a8d56c3-bc1c-41ab-9c06-a81ecadc3d0b
,nevado-del-cocuy-salida-jueves,per_origin_accommodation,0,,,Bogotá,0,Sí,3637b99b-3565-4c37-a6e0-c44e3a66cca5
,nevado-del-cocuy-salida-jueves,per_origin_accommodation,0,,,Bogotá,0,Sí,a70536ed-de3e-460f-9bab-b689b951d1fc
,nevado-del-cocuy-salida-jueves,per_origin_accommodation,0,,,Bogotá,0,Sí,6559d1ef-733d-4024-8c4d-c418285a6470
,nevado-del-cocuy-salida-jueves,per_origin_accommodation,0,,,Bogotá,0,Sí,5ba94e24-1136-4317-9de6-d8e24898fecb
,nevado-del-cocuy-salida-jueves,per_origin_accommodation,0,,,Bogotá,0,Sí,711cc178-1673-4b27-8812-5406b70544b4
Individual,nevado-del-cocuy-salida-jueves,per_origin_accommodation,852000,,,Bogotá,2,Sí,1313f5af-2851-4a6b-a164-d40fd6d6f70a
,nevado-del-cocuy-salida-jueves,per_origin_accommodation,0,,,Bogotá,0,Sí,13c8120e-7efd-4709-9c8f-4451b6a47116
Individual,nevado-del-cocuy-salida-jueves,per_origin_accommodation,852000,,,Bogotá,2,Sí,42c42e19-4254-4898-9aaf-c3be0777fac4
,nevado-del-cocuy-salida-jueves,per_origin_accommodation,0,,,Bogotá,0,Sí,0855fcdd-8875-4457-88eb-b75f69f55fcf
,nevado-del-cocuy-salida-jueves,per_origin_accommodation,0,,,Bogotá,0,Sí,b39e60d3-8b68-4fce-b032-dee976d45b42
Individual,nevado-del-cocuy-salida-jueves,per_origin_accommodation,852000,,,Bogotá,2,Sí,37bb8f03-fe50-4d7f-82b2-03539f7bfd4b
Individual,nevado-del-cocuy-salida-jueves,per_origin_accommodation,852000,,,Bogotá,2,Sí,9e00091b-79bf-47eb-ae4e-a5e1ba87adca
Individual,nevado-del-cocuy-salida-jueves,per_origin_accommodation,852000,,,Bogotá,2,Sí,d9c13e25-db26-42bb-b23f-566d6019915f
Individual,nevado-del-cocuy-salida-jueves,per_origin_accommodation,852000,,,Bogotá,2,Sí,8076b29a-fbb5-40e1-b678-bae78ae8fb36
Individual,nevado-del-cocuy-salida-jueves,per_origin_accommodation,852000,,,Bogotá,2,Sí,8fefb709-7f15-4f3f-89fd-7d22825bb264
Individual,nevado-del-cocuy-salida-jueves,per_origin_accommodation,852000,,,Bogotá,2,Sí,d42aca02-306e-4e8e-a724-cce6047bb984
Individual,nevado-del-cocuy-salida-jueves,per_origin_accommodation,852000,,,Bogotá,2,Sí,4a13f24b-b8b8-4fab-b1cc-8e5802f65830
Individual,nevado-del-cocuy-salida-jueves,per_origin_accommodation,852000,,,Bogotá,2,Sí,abecc36c-f2b6-458d-ba7d-1c3ea8e37cb6
Individual,nevado-del-cocuy-salida-jueves,per_origin_accommodation,852000,,,Bogotá,2,Sí,d8d1a379-3193-4fdc-9be5-8265f6aa9f25
Individual,nevado-del-cocuy-salida-jueves,per_origin_accommodation,852000,,,Bogotá,2,Sí,b046fef8-5c67-44c2-9e1b-de8299784837
Individual,nevado-del-cocuy-salida-jueves,per_origin_accommodation,852000,,,Bogotá,2,Sí,23d13dbe-bf8f-41be-9cf5-e156c1fd588c
Individual,nevado-del-cocuy-salida-jueves,per_origin_accommodation,852000,,,Bogotá,2,Sí,f0636e99-f39f-49cd-a514-472b94582fee
Individual,nevado-del-cocuy-salida-jueves,per_origin_accommodation,852000,,,Bogotá,2,Sí,6a1f82c0-ec5c-4c4e-b1a2-d7d89cde2563
Individual,nevado-del-cocuy-salida-jueves,per_origin_accommodation,852000,,,Bogotá,2,Sí,30314d6c-fe42-454a-b43d-235aed2bc887
Individual,nevado-del-cocuy-salida-jueves,per_origin_accommodation,852000,,,Bogotá,2,Sí,7ead95f8-4913-4e3c-91f6-035f7e449c48
Individual,nevado-del-cocuy-salida-jueves,per_origin_accommodation,852000,,,Bogotá,2,Sí,aedaf901-aa5d-4275-b49d-aa4b488b7f44
Individual,nevado-del-cocuy-salida-jueves,per_origin_accommodation,852000,,,Bogotá,2,Sí,3bfb688e-c16c-46f1-863f-8109f5a28e4e
Individual,nevado-del-cocuy-salida-jueves,per_origin_accommodation,852000,,,Bogotá,2,Sí,178b99ff-6cda-4329-8383-302f581b8f0d
Individual,nevado-del-cocuy-salida-jueves,per_origin_accommodation,852000,,,Bogotá,2,Sí,a9f038a9-fb5c-4532-85bc-347ebb7877f1
Individual,nevado-del-cocuy-salida-jueves,per_origin_accommodation,852000,,,Bogotá,2,Sí,e3db7b5f-0445-43bc-a63b-3ea03904e045
Individual,nevado-del-cocuy-salida-jueves,per_origin_accommodation,852000,,,Bogotá,2,Sí,abb0f1b4-74a9-45a7-beba-3c3b7e9eaceb
Individual,nevado-del-cocuy-salida-jueves,per_origin_accommodation,852000,,,Bogotá,2,Sí,90a70715-fc69-40d6-a10c-072a9480d6b5
Individual,nevado-del-cocuy-salida-jueves,per_origin_accommodation,852000,,,Bogotá,2,Sí,4e1fcd48-24ff-40a8-9348-5e1eccf1e2d9
Individual,nevado-del-cocuy-salida-jueves,per_origin_accommodation,852000,,,Bogotá,2,Sí,91a0ec1f-1646-4e8a-8a79-eb15662b0beb
Doble,nevado-del-cocuy-salida-jueves,per_origin_accommodation,738000,,,Bogotá,4,Sí,6c6ab845-f192-40ce-8331-a3cd82a26edd
Individual,nevado-del-cocuy-salida-jueves,per_origin_accommodation,852000,,,Bogotá,2,Sí,e2b3cfdc-636d-4e37-aa41-dc9eb260d03c
Individual,nevado-del-cocuy-salida-jueves,per_origin_accommodation,852000,,,Bogotá,2,Sí,c68c10a2-73dd-4fb2-bb99-fd35720c2e11
Doble,nevado-del-cocuy-salida-jueves,per_origin_accommodation,738000,,,Bogotá,4,Sí,c608abd1-08df-4ee1-b02a-32c0c64532ef
Doble,nevado-del-cocuy-salida-jueves,per_origin_accommodation,738000,,,Bogotá,4,Sí,e59d2317-3d57-4f35-9a83-32ee236a2d22
Doble,nevado-del-cocuy-salida-jueves,per_origin_accommodation,738000,,,Bogotá,4,Sí,0c3b6071-3f98-48f2-88f7-923ed4fdb94f
Doble,nevado-del-cocuy-salida-jueves,per_origin_accommodation,738000,,,Bogotá,4,Sí,baf2647d-83ee-4a0a-8ed2-bcb56d540a41
Doble,nevado-del-cocuy-salida-jueves,per_origin_accommodation,738000,,,Bogotá,4,Sí,93993c76-ca3b-4da9-98a5-399633d7cb90
Doble,nevado-del-cocuy-salida-jueves,per_origin_accommodation,738000,,,Bogotá,4,Sí,f831eb8d-fdf9-4ab7-b697-2d2a19a3c857
Doble,nevado-del-cocuy-salida-jueves,per_origin_accommodation,738000,,,Bogotá,4,Sí,d7e51dba-d084-441d-a521-db0a3ae1133e
Doble,nevado-del-cocuy-salida-jueves,per_origin_accommodation,738000,,,Bogotá,4,Sí,efc18bd3-e421-4676-a70e-e2aa330ca0b9
Doble,nevado-del-cocuy-salida-jueves,per_origin_accommodation,738000,,,Bogotá,4,Sí,b74d2fc5-941f-4c1c-8e5b-ea7e61441898
Doble,nevado-del-cocuy-salida-jueves,per_origin_accommodation,738000,,,Bogotá,4,Sí,cce7a7c1-72fb-4128-b4c3-209d46e2b426
Doble,nevado-del-cocuy-salida-jueves,per_origin_accommodation,738000,,,Bogotá,4,Sí,b2cfa4b0-7ca6-4ea7-83cf-294777f1a26b
Doble,nevado-del-cocuy-salida-jueves,per_origin_accommodation,738000,,,Bogotá,4,Sí,dd6e0c12-141b-4549-ae0a-c38de915a094
Doble,nevado-del-cocuy-salida-jueves,per_origin_accommodation,738000,,,Bogotá,4,Sí,816b2515-ab94-4c4e-b8c5-0823cb79c88b
Doble,nevado-del-cocuy-salida-jueves,per_origin_accommodation,738000,,,Bogotá,4,Sí,a46c1a08-39cb-4856-a959-f7feb6f86e31
Doble,nevado-del-cocuy-salida-jueves,per_origin_accommodation,738000,,,Bogotá,4,Sí,39e22f5c-ef04-44b0-a532-e3ab48d6eba3
,nevado-del-cocuy-salida-jueves,per_origin_accommodation,0,,,Bogotá,0,Sí,53250945-5865-4a08-9d32-c66e475479c2
,nevado-del-cocuy-salida-jueves,per_origin_accommodation,0,,,Bogotá,0,Sí,8cad5d5c-4c3a-42b7-9fc0-b268e8c27aae
,nevado-del-cocuy-salida-jueves,per_origin_accommodation,0,,,Bogotá,0,Sí,0cb1b452-86ef-4ebc-8096-a76221429394
,nevado-del-cocuy-salida-jueves,per_origin_accommodation,0,,,Bogotá,0,Sí,fb6b1e62-fbd2-4e2f-9c2b-4aa78d5138e4
,nevado-del-cocuy-salida-jueves,per_origin_accommodation,0,,,Bogotá,0,Sí,c29cba15-a4c6-4855-bf2d-193ee6b8895b
Individual,nevado-del-cocuy-salida-jueves,per_origin_accommodation,852000,,,Bogotá,2,Sí,8b4ba6e5-cdb3-408e-ae50-d24b6ac4d4ba
,nevado-del-cocuy-salida-jueves,per_origin_accommodation,0,,,Bogotá,0,Sí,01f33f16-756d-4506-9e5c-0f247132d4cd
,nevado-del-cocuy-salida-jueves,per_origin_accommodation,0,,,Bogotá,0,Sí,ef70df36-96e4-4d62-a13a-31772f7be2a9
Individual,nevado-del-cocuy-salida-jueves,per_origin_accommodation,852000,,,Bogotá,2,Sí,c1b348e3-b4f1-4c1d-9439-ae34853a02d6
,nevado-del-cocuy-salida-jueves,per_origin_accommodation,0,,,Bogotá,0,Sí,27667f6f-8b06-4de6-91ad-5bcdb6902a65
Individual,nevado-del-cocuy-salida-jueves,per_origin_accommodation,852000,,,Bogotá,2,Sí,ef0c3eba-5d38-41a1-8a6b-ded7c1daa0a6
Individual,nevado-del-cocuy-salida-jueves,per_origin_accommodation,852000,,,Bogotá,2,Sí,18e33be3-1283-4d56-8735-cfd3f550e016
Individual,nevado-del-cocuy-salida-jueves,per_origin_accommodation,852000,,,Bogotá,2,Sí,2e00374f-c05e-4634-ab7e-7351ca2f654d
Individual,nevado-del-cocuy-salida-jueves,per_origin_accommodation,852000,,,Bogotá,2,Sí,43280aad-c0fe-49a2-9476-6af9dd1fa466
Individual,nevado-del-cocuy-salida-jueves,per_origin_accommodation,852000,,,Bogotá,2,Sí,a0fde527-c3a5-42db-ab0c-ce118eedb748
Individual,nevado-del-cocuy-salida-jueves,per_origin_accommodation,852000,,,Bogotá,2,Sí,5ee6f9ac-6e8c-4356-9aa1-b8017da51cdb
Individual,nevado-del-cocuy-salida-jueves,per_origin_accommodation,852000,,,Bogotá,2,Sí,e342c174-03bc-44c4-b021-f7ac6e1f799b
Individual,nevado-del-cocuy-salida-jueves,per_origin_accommodation,852000,,,Bogotá,2,Sí,932496a7-8464-4dde-a795-534628a0eaf9
Individual,nevado-del-cocuy-salida-jueves,per_origin_accommodation,852000,,,Bogotá,2,Sí,4cac734c-02b2-46aa-b761-a373aa103554
Individual,nevado-del-cocuy-salida-jueves,per_origin_accommodation,852000,,,Bogotá,2,Sí,0f88bb71-e9bf-4bf2-864b-5f26a4a72ee7
Individual,nevado-del-cocuy-salida-jueves,per_origin_accommodation,852000,,,Bogotá,2,Sí,22fedcbe-f3cf-48ff-ad8d-e1acf275a8a5
Individual,nevado-del-cocuy-salida-jueves,per_origin_accommodation,852000,,,Bogotá,2,Sí,9282a881-478e-42dd-b1b7-6cee9d01dffb
Individual,nevado-del-cocuy-salida-jueves,per_origin_accommodation,852000,,,Bogotá,2,Sí,b3c04621-07f0-4a3c-b759-eacc7e2c6cbf
Individual,nevado-del-cocuy-salida-jueves,per_origin_accommodation,852000,,,Bogotá,2,Sí,b7cf1070-3673-4ba8-8468-6d25e9afdfce
Individual,nevado-del-cocuy-salida-jueves,per_origin_accommodation,852000,,,Bogotá,2,Sí,41fcddce-2558-43c1-ad4d-a15cd2d15a34
Individual,nevado-del-cocuy-salida-jueves,per_origin_accommodation,852000,,,Bogotá,2,Sí,56ddc145-d28c-42b5-81df-a3a94d6503c9
Individual,nevado-del-cocuy-salida-jueves,per_origin_accommodation,852000,,,Bogotá,2,Sí,fdd55603-865e-4e10-8488-bf69c739b09f
Individual,nevado-del-cocuy-salida-jueves,per_origin_accommodation,852000,,,Bogotá,2,Sí,627874db-4fc7-4ab3-8ea5-b7ca1c3bb06b
Individual,nevado-del-cocuy-salida-jueves,per_origin_accommodation,852000,,,Bogotá,2,Sí,063700bd-1ac0-41c8-b56f-de1c7e23de22
Individual,nevado-del-cocuy-salida-jueves,per_origin_accommodation,852000,,,Bogotá,2,Sí,f738f9bf-f630-42cd-a2f1-056f16ae5375
Individual,nevado-del-cocuy-salida-jueves,per_origin_accommodation,852000,,,Bogotá,2,Sí,7a58a564-8bfa-441d-a975-36e6f5ad1cd7
Individual,nevado-del-cocuy-salida-jueves,per_origin_accommodation,852000,,,Bogotá,2,Sí,97426620-bbf1-4ea5-a868-42b9b7478d12
Individual,nevado-del-cocuy-salida-jueves,per_origin_accommodation,852000,,,Bogotá,2,Sí,291673c9-c3b3-4f93-8dfb-74b20fffee17
Individual,nevado-del-cocuy-salida-jueves,per_origin_accommodation,852000,,,Bogotá,2,Sí,38b213e9-a80b-4a7b-a3df-e8610c78bc94
Individual,nevado-del-cocuy-salida-jueves,per_origin_accommodation,852000,,,Bogotá,2,Sí,3a774d6b-9ebc-4973-ba39-0436aadf01c1
Individual,nevado-del-cocuy-salida-jueves,per_origin_accommodation,852000,,,Bogotá,2,Sí,8cff9f28-8550-45dd-988e-336bf7ecbad0
Individual,nevado-del-cocuy-salida-jueves,per_origin_accommodation,852000,,,Bogotá,2,Sí,1c69e684-dedb-4367-a196-79cff3506da2
Doble,nevado-del-cocuy-salida-jueves,per_origin_accommodation,738000,,,Bogotá,4,Sí,844618c6-5d10-4be2-9a2f-856f5e68123b
Doble,nevado-del-cocuy-salida-jueves,per_origin_accommodation,738000,,,Bogotá,4,Sí,1662288f-dd9d-4390-aa39-fd93056ba362
Doble,nevado-del-cocuy-salida-jueves,per_origin_accommodation,738000,,,Bogotá,4,Sí,c2141f5f-6eff-4762-a2e6-741ca0332dc0
Doble,nevado-del-cocuy-salida-jueves,per_origin_accommodation,738000,,,Bogotá,4,Sí,bcaadc0a-e6ca-40e4-b71b-40a02dcf3bcc
Doble,nevado-del-cocuy-salida-jueves,per_origin_accommodation,738000,,,Bogotá,4,Sí,b9a974fe-1f4f-4088-93f5-0ee849d68564
Doble,nevado-del-cocuy-salida-jueves,per_origin_accommodation,738000,,,Bogotá,4,Sí,182db802-22af-44c5-a971-d2f1029d1ad9
Doble,nevado-del-cocuy-salida-jueves,per_origin_accommodation,738000,,,Bogotá,4,Sí,713a0d13-1995-463b-9dce-d30329f6c223
Doble,nevado-del-cocuy-salida-jueves,per_origin_accommodation,738000,,,Bogotá,4,Sí,4c799aa3-56d3-4311-af82-318e810d1fb0
Doble,nevado-del-cocuy-salida-jueves,per_origin_accommodation,738000,,,Bogotá,4,Sí,1b6ed411-0b9b-4c06-9905-97112c34c1e1
Doble,nevado-del-cocuy-salida-jueves,per_origin_accommodation,738000,,,Bogotá,4,Sí,ef6a1fbb-e514-4abd-b259-dd6c847b66c0
Doble,nevado-del-cocuy-salida-jueves,per_origin_accommodation,738000,,,Bogotá,4,Sí,93d310ff-2563-4589-b1e0-ce6f527f646b
Doble,nevado-del-cocuy-salida-jueves,per_origin_accommodation,738000,,,Bogotá,4,Sí,3279d82d-9ac4-465e-9f37-34417b486539
Doble,nevado-del-cocuy-salida-jueves,per_origin_accommodation,738000,,,Bogotá,4,Sí,9ce7e0d6-78d0-42ff-9024-0fe897f9f1e6
Doble,nevado-del-cocuy-salida-jueves,per_origin_accommodation,738000,,,Bogotá,4,Sí,9e72d285-2f19-4ec1-a9ea-104ec80cdb00
Doble,nevado-del-cocuy-salida-jueves,per_origin_accommodation,738000,,,Bogotá,4,Sí,214da17a-21d5-4489-b3a3-7fb43243f449
2 a 9 personas,el-tour-de-la-perse,per_person,65000,2,20,,1,Sí,c4e97c61-92b7-45fc-ad5f-f5cd000bde8b
1 Persona,el-tour-de-la-perse,per_person,90000,1,1,,0,Sí,6e5f120e-31aa-4746-bd49-54aa4ca82db6